{"fp_bpp": 0.6952311197916666, "hp_bpp": 0.3476155598958333, "fp_psnr": 30.417511463165283, "hp_psnr": 30.384798049926758}