{"fp_bpp": 0.608642578125, "hp_bpp": 0.3043212890625, "fp_psnr": 29.409403800964355, "hp_psnr": 29.31656837463379}